{"cameraMode":{"drawMode":0,"name":"Shaded","section":"Shading Mode"},"sceneLighting":true,"audioPlay":false,"sceneViewState":{"showFog":true,"showMaterialUpdate":false,"showSkybox":true,"showFlares":true,"showImageEffects":true,"showParticleSystems":true},"in2DMode":false,"pivot":{"x":1.303178071975708,"y":3.147749900817871,"z":-1.0668282508850098},"rotation":{"x":0.6123023629188538,"y":0.05984789505600929,"z":-0.046562645584344867,"w":0.7869949340820313},"size":7.45582389831543,"orthographic":false}