{"cameraMode":{"drawMode":0,"name":"Shaded","section":"Shading Mode"},"sceneLighting":true,"audioPlay":false,"sceneViewState":{"showFog":true,"showMaterialUpdate":false,"showSkybox":true,"showFlares":true,"showImageEffects":true,"showParticleSystems":true},"in2DMode":false,"pivot":{"x":1.5363495349884034,"y":1.9247922897338868,"z":1.9999687671661378},"rotation":{"x":0.6213135719299316,"y":-0.01292505394667387,"z":0.010251066647469998,"w":0.783432126045227},"size":10.55791187286377,"orthographic":true}