{"cameraMode":{"drawMode":0,"name":"Shaded","section":"Shading Mode"},"sceneLighting":true,"audioPlay":false,"sceneViewState":{"showFog":true,"showMaterialUpdate":false,"showSkybox":true,"showFlares":true,"showImageEffects":true,"showParticleSystems":true},"in2DMode":false,"pivot":{"x":-0.19847261905670167,"y":-0.03915596008300781,"z":-0.31596869230270388},"rotation":{"x":0.6767663359642029,"y":0.020529432222247125,"z":-0.01889093779027462,"w":0.7357011437416077},"size":12.064515113830567,"orthographic":false}