{"cameraMode":{"drawMode":0,"name":"Shaded","section":"Shading Mode"},"sceneLighting":true,"audioPlay":false,"sceneViewState":{"showFog":true,"showMaterialUpdate":false,"showSkybox":true,"showFlares":true,"showImageEffects":true,"showParticleSystems":true},"in2DMode":false,"pivot":{"x":1.5363495349884034,"y":1.9247922897338868,"z":1.9999687671661378},"rotation":{"x":-0.11888505518436432,"y":0.8669346570968628,"z":-0.4158881902694702,"w":-0.24778899550437928},"size":20.780597686767579,"orthographic":true}