{"cameraMode":{"drawMode":0,"name":"Shaded","section":"Shading Mode"},"sceneLighting":true,"audioPlay":false,"sceneViewState":{"showFog":true,"showMaterialUpdate":false,"showSkybox":true,"showFlares":true,"showImageEffects":true,"showParticleSystems":true},"in2DMode":false,"pivot":{"x":0.3788266181945801,"y":2.520768165588379,"z":1.7184747457504273},"rotation":{"x":-0.5042133331298828,"y":0.4904080927371979,"z":-0.44814375042915347,"w":-0.5517649054527283},"size":15.700395584106446,"orthographic":false}